"","VARIABLE","DATE","N","POSITIVE","NET","App_AppDis","Country"
"1","ASEP-JDS Gov",1989-05-15,1214,41.3,19.3,65.24,"Spain"
"2","ASEP-JDS Gov",1989-06-15,1198,43.1,21.3,66.41,"Spain"
"3","ASEP-JDS Gov",1989-09-15,1195,43.7,7.4,54.63,"Spain"
"4","ASEP-JDS Gov",1989-10-15,1208,46.2,10.1,56.14,"Spain"
"5","ASEP-JDS Gov",1989-11-15,1199,49.9,13.8,58.02,"Spain"
"6","ASEP-JDS Gov",1989-12-15,1222,54,22.8,63.38,"Spain"
"7","ASEP-JDS Gov",1990-01-15,1210,49.7,14.4,58.47,"Spain"
"8","ASEP-JDS Gov",1990-02-15,1208,45.3,8.1,54.91,"Spain"
"9","ASEP-JDS Gov",1990-03-15,1202,44.4,8.2,55.09,"Spain"
"10","ASEP-JDS Gov",1990-04-15,1218,42,2.5,51.53,"Spain"
"11","ASEP-JDS Gov",1990-05-15,1219,42.2,4.4,52.75,"Spain"
"12","ASEP-JDS Gov",1990-06-15,1221,45.9,7.8,54.64,"Spain"
"13","ASEP-JDS Gov",1990-07-15,1208,51.2,19.8,61.99,"Spain"
"14","ASEP-JDS Gov",1990-09-15,1210,41.7,1.2,50.73,"Spain"
"15","ASEP-JDS Gov",1990-10-15,1224,41.1,-0.6,49.64,"Spain"
"16","ASEP-JDS Gov",1990-11-15,1238,45.8,9.5,55.79,"Spain"
"17","ASEP-JDS Gov",1990-12-15,1206,44.6,7.6,54.66,"Spain"
"18","ASEP-JDS Gov",1991-01-15,1233,42.5,3.4,52.08,"Spain"
"19","ASEP-JDS Gov",1991-02-15,1208,48.2,13.4,58.07,"Spain"
"20","ASEP-JDS Gov",1991-03-15,1216,56.6,31.4,69.19,"Spain"
"21","ASEP-JDS Gov",1991-04-15,1211,48.9,15.9,59.71,"Spain"
"22","ASEP-JDS Gov",1991-05-15,1202,50,18.6,61.43,"Spain"
"23","ASEP-JDS Gov",1991-06-15,1215,47.5,14.4,58.93,"Spain"
"24","ASEP-JDS Gov",1991-09-15,1200,47,12.4,57.6,"Spain"
"25","ASEP-JDS Gov",1991-10-15,1215,45.4,9.8,56.05,"Spain"
"26","ASEP-JDS Gov",1991-11-15,1219,44.5,5.3,53.17,"Spain"
"27","ASEP-JDS Gov",1991-12-15,1206,39.2,-2.4,48.51,"Spain"
"28","ASEP-JDS Gov",1992-01-15,1206,38.3,-1.4,49.1,"Spain"
"29","ASEP-JDS Gov",1992-02-15,1213,38,-5.2,46.8,"Spain"
"30","ASEP-JDS Gov",1992-03-15,1211,35.4,-4.8,46.83,"Spain"
"31","ASEP-JDS Gov",1992-04-15,1208,38.5,-3.6,47.77,"Spain"
"32","ASEP-JDS Gov",1992-05-15,1211,35.2,-8.8,44.44,"Spain"
"33","ASEP-JDS Gov",1992-06-15,1216,33.5,-14.9,40.9,"Spain"
"34","ASEP-JDS Gov",1992-07-15,1215,29.4,-20.2,37.22,"Spain"
"35","ASEP-JDS Gov",1992-09-15,1220,31.2,-20.7,37.55,"Spain"
"36","ASEP-JDS Gov",1992-10-15,1222,26.2,-30.4,31.64,"Spain"
"37","ASEP-JDS Gov",1992-11-15,1220,29.1,-24.3,35.27,"Spain"
"38","ASEP-JDS Gov",1992-12-15,1212,28.4,-28.8,33.18,"Spain"
"39","ASEP-JDS Gov",1993-01-15,1203,26.5,-30,31.93,"Spain"
"40","ASEP-JDS Gov",1993-02-15,1209,27.6,-30.6,32.17,"Spain"
"41","ASEP-JDS Gov",1993-03-15,1212,22.5,-40,26.47,"Spain"
"42","ASEP-JDS Gov",1993-04-15,1217,30.3,-24,35.82,"Spain"
"43","ASEP-JDS Gov",1993-05-15,1222,36.4,-13,42.42,"Spain"
"44","ASEP-JDS Gov",1993-06-15,1219,37.5,-10.2,44.01,"Spain"
"45","ASEP-JDS Gov",1993-07-15,1207,35.5,-10.5,43.56,"Spain"
"46","ASEP-JDS Gov",1993-09-15,1215,26.6,-28,32.76,"Spain"
"47","ASEP-JDS Gov",1993-10-15,1222,28.8,-27.4,33.88,"Spain"
"48","ASEP-JDS Gov",1993-11-15,1217,26.9,-35.5,30.12,"Spain"
"49","ASEP-JDS Gov",1993-12-15,1220,24.5,-38.5,28,"Spain"
"50","ASEP-JDS Gov",1994-01-15,1223,26.6,-34.2,30.43,"Spain"
"51","ASEP-JDS Gov",1994-02-15,1219,24.1,-39.5,27.48,"Spain"
"52","ASEP-JDS Gov",1994-03-15,1216,22.9,-41.9,26.11,"Spain"
"53","ASEP-JDS Gov",1994-04-15,1221,21.2,-46.9,23.74,"Spain"
"54","ASEP-JDS Gov",1994-05-15,1223,24,-42.1,26.64,"Spain"
"55","ASEP-JDS Gov",1994-06-15,1221,19.9,-45.6,23.3,"Spain"
"56","ASEP-JDS Gov",1994-07-15,1208,24.5,-35.6,28.96,"Spain"
"57","ASEP-JDS Gov",1994-09-15,1212,23.4,-36.7,28.02,"Spain"
"58","ASEP-JDS Gov",1994-10-15,1212,27.2,-30.9,31.89,"Spain"
"59","ASEP-JDS Gov",1994-11-15,1210,22.8,-40.1,26.6,"Spain"
"60","ASEP-JDS Gov",1994-12-15,1210,28.4,-29,33.1,"Spain"
"61","ASEP-JDS Gov",1995-01-15,1215,24.7,-36.5,28.75,"Spain"
"62","ASEP-JDS Gov",1995-02-15,1211,24.3,-38.1,28.03,"Spain"
"63","ASEP-JDS Gov",1995-03-15,1219,20.6,-47.1,23.33,"Spain"
"64","ASEP-JDS Gov",1995-04-15,1213,20.5,-45.4,23.73,"Spain"
"65","ASEP-JDS Gov",1995-05-15,1213,26.7,-28.6,32.56,"Spain"
"66","ASEP-JDS Gov",1995-06-15,1221,25.2,-32.1,30.55,"Spain"
"67","ASEP-JDS Gov",1995-07-15,1209,18.6,-46.6,22.2,"Spain"
"68","ASEP-JDS Gov",1995-09-15,1217,20.1,-44,23.87,"Spain"
"69","ASEP-JDS Gov",1995-10-15,1210,20.1,-41.3,24.66,"Spain"
"70","ASEP-JDS Gov",1995-11-15,1214,21.5,-42.7,25.09,"Spain"
"71","ASEP-JDS Gov",1995-12-15,1214,24.8,-34.5,29.49,"Spain"
"72","ASEP-JDS Gov",1996-01-15,1216,24.7,-34.5,29.44,"Spain"
"73","ASEP-JDS Gov",1996-02-15,1215,26.9,-28.8,32.57,"Spain"
"74","ASEP-JDS Gov",1996-03-15,1212,36.1,-9.5,44.19,"Spain"
"75","ASEP-JDS Gov",1996-04-15,1220,32,-15.3,40.35,"Spain"
"76","ASEP-JDS Gov",1996-05-15,1212,33.8,11.4,60.14,"Spain"
"77","ASEP-JDS Gov",1996-06-15,1219,35.2,14.5,62.97,"Spain"
"78","ASEP-JDS Gov",1996-10-15,1212,30.5,-7.8,44.33,"Spain"
"79","ASEP-JDS Gov",1996-11-15,1211,25.8,-20,36.03,"Spain"
"80","ASEP-JDS Gov",1996-12-15,1219,25.2,-21.7,34.95,"Spain"
"81","ASEP-JDS Gov",1997-01-15,1212,36.6,0.9,50.62,"Spain"
"82","ASEP-JDS Gov",1997-02-15,1213,32,-10.1,43.18,"Spain"
"83","ASEP-JDS Gov",1997-03-15,1218,37.6,-0.6,49.6,"Spain"
"84","ASEP-JDS Gov",1997-04-15,1211,38.1,3,52.05,"Spain"
"85","ASEP-JDS Gov",1997-05-15,1221,42.6,12.9,58.92,"Spain"
"86","ASEP-JDS Gov",1997-06-15,1220,40.3,6.6,54.46,"Spain"
"87","ASEP-JDS Gov",1997-07-15,1214,46.1,16.1,60.58,"Spain"
"88","ASEP-JDS Gov",1997-09-15,1218,48.1,19.2,62.47,"Spain"
"89","ASEP-JDS Gov",1997-10-15,1214,40.7,8.2,55.6,"Spain"
"90","ASEP-JDS Gov",1997-11-15,1211,42.8,8.5,55.51,"Spain"
"91","ASEP-JDS Gov",1997-12-15,1204,39.8,4.7,53.14,"Spain"
"92","ASEP-JDS Gov",1998-01-15,1209,43.7,14.9,60.28,"Spain"
"93","ASEP-JDS Gov",1998-02-15,1213,37,2.5,51.75,"Spain"
"94","ASEP-JDS Gov",1998-03-15,1209,41.7,10.3,57.05,"Spain"
"95","ASEP-JDS Gov",1998-04-15,1204,41.3,8.2,55.51,"Spain"
"96","ASEP-JDS Gov",1998-05-15,1205,45.3,13,58.38,"Spain"
"97","ASEP-JDS Gov",1998-06-15,1222,39.1,6.3,54.38,"Spain"
"98","ASEP-JDS Gov",1998-07-15,1216,41.1,6.5,54.29,"Spain"
"99","ASEP-JDS Gov",1998-09-15,1221,42.6,9.2,56.05,"Spain"
"100","ASEP-JDS Gov",1998-10-15,1214,45.4,13.7,58.88,"Spain"
"101","ASEP-JDS Gov",1998-11-15,443,48.1,20,63.12,"Spain"
"102","ASEP-JDS Gov",1998-12-15,1224,46.7,16.4,60.65,"Spain"
"103","ASEP-JDS Gov",1999-01-15,1222,48.9,21,63.67,"Spain"
"104","ASEP-JDS Gov",1999-02-15,1218,46.2,15.3,59.92,"Spain"
"105","ASEP-JDS Gov",1999-03-15,1207,49,18.5,61.64,"Spain"
"106","ASEP-JDS Gov",1999-04-15,1214,46,14.5,59.35,"Spain"
"107","ASEP-JDS Gov",1999-05-15,1213,50,19.7,62.27,"Spain"
"108","ASEP-JDS Gov",1999-06-15,1223,45.4,14.1,59.19,"Spain"
"109","ASEP-JDS Gov",1999-07-15,1198,46.1,19.5,63.41,"Spain"
"110","ASEP-JDS Gov",1999-09-15,1213,48.8,20.9,63.62,"Spain"
"111","ASEP-JDS Gov",1999-10-15,1213,49.8,23.7,65.61,"Spain"
"112","ASEP-JDS Gov",1999-11-15,1211,50.4,21.5,63.56,"Spain"
"113","ASEP-JDS Gov",1999-12-15,1209,48.6,18.2,61.52,"Spain"
"114","ASEP-JDS Gov",2000-01-15,1213,53.2,26,66.17,"Spain"
"115","ASEP-JDS Gov",2000-02-15,1214,48.1,18.3,61.75,"Spain"
"116","ASEP-JDS Gov",2000-03-15,1207,61.9,41.1,74.85,"Spain"
"117","ASEP-JDS Gov",2000-04-15,1210,58,37.1,73.51,"Spain"
"118","ASEP-JDS Gov",2000-05-15,1221,59.4,37.7,73.24,"Spain"
"119","ASEP-JDS Gov",2000-06-15,1211,54.2,28.1,67.5,"Spain"
"120","ASEP-JDS Gov",2000-07-15,1218,58,31.9,68.97,"Spain"
"121","ASEP-JDS Gov",2000-09-15,1214,54.7,26.6,66.06,"Spain"
"122","ASEP-JDS Gov",2000-10-15,1212,50.2,20,62.44,"Spain"
"123","ASEP-JDS Gov",2000-11-15,1210,50.8,19,61.5,"Spain"
"124","ASEP-JDS Gov",2000-12-15,1206,48.1,14.6,58.95,"Spain"
"125","ASEP-JDS Gov",2001-01-15,1211,47.8,12.8,57.73,"Spain"
"126","ASEP-JDS Gov",2001-02-15,1211,44.9,7.6,54.62,"Spain"
"127","ASEP-JDS Gov",2001-03-15,1205,48,12.1,57.21,"Spain"
"128","ASEP-JDS Gov",2001-04-15,1209,49.1,17.2,60.62,"Spain"
"129","ASEP-JDS Gov",2001-05-15,1214,48.2,17.2,60.86,"Spain"
"130","ASEP-JDS Gov",2001-06-15,1213,47.1,12.8,57.86,"Spain"
"131","ASEP-JDS Gov",2001-07-15,1210,46.8,10.9,56.59,"Spain"
"132","ASEP-JDS Gov",2001-09-15,1210,51.1,23.5,64.93,"Spain"
"133","ASEP-JDS Gov",2001-10-15,1211,48.4,16.5,60.27,"Spain"
"134","ASEP-JDS Gov",2001-11-15,1208,46.2,15,59.69,"Spain"
"135","ASEP-JDS Gov",2001-12-15,1210,46.4,13.3,58.36,"Spain"
"136","ASEP-JDS Gov",2002-01-15,1224,50.5,21.2,63.28,"Spain"
"137","ASEP-JDS Gov",2002-02-15,1213,44.7,9.7,56.09,"Spain"
"138","ASEP-JDS Gov",2002-03-15,1220,47.3,15.2,59.57,"Spain"
"139","ASEP-JDS Gov",2002-04-15,1216,42.7,6.7,54.26,"Spain"
"140","ASEP-JDS Gov",2002-05-15,1208,46.3,11.7,57.23,"Spain"
"141","ASEP-JDS Gov",2002-06-15,1222,41.2,2.9,51.82,"Spain"
"142","ASEP-JDS Gov",2002-07-15,1212,39.4,-0.7,49.56,"Spain"
"143","ASEP-JDS Gov",2002-09-15,1212,38.4,0.1,50.07,"Spain"
"144","ASEP-JDS Gov",2002-10-15,1208,40.7,1.4,50.88,"Spain"
"145","ASEP-JDS Gov",2002-11-15,1202,42.6,2.1,51.26,"Spain"
"146","ASEP-JDS Gov",2002-12-15,1210,33.1,-14.4,41.07,"Spain"
"147","ASEP-JDS Gov",2003-01-15,1215,37.3,-7,45.71,"Spain"
"148","ASEP-JDS Gov",2003-02-15,1209,34.9,-14.6,41.35,"Spain"
"149","ASEP-JDS Gov",2003-03-15,1210,32.4,-18.6,38.85,"Spain"
"150","ASEP-JDS Gov",2003-04-15,1205,26.5,-31.4,31.4,"Spain"
"151","ASEP-JDS Gov",2003-05-15,1210,36.2,-13.2,42.29,"Spain"
"152","ASEP-JDS Gov",2003-06-15,1215,37.6,-7,45.74,"Spain"
"153","ASEP-JDS Gov",2003-07-15,NA,41.8,0,50,"Spain"
"154","ASEP-JDS Gov",2003-09-15,1213,40.1,-5.6,46.74,"Spain"
"155","ASEP-JDS Gov",2003-10-15,1204,39.6,-6,46.48,"Spain"
"156","ASEP-JDS Gov",2003-11-15,1205,39.5,-4.6,47.25,"Spain"
"157","ASEP-JDS Gov",2003-12-15,1207,37.9,-9.7,44.33,"Spain"
"158","ASEP-JDS Gov",2004-01-15,1201,43.1,1.3,50.77,"Spain"
"159","ASEP-JDS Gov",2004-02-15,1202,39.4,-4.5,47.3,"Spain"
"160","ASEP-JDS Gov",2004-03-15,1212,37.4,-11.3,43.44,"Spain"
"161","ASEP-JDS Gov",2004-04-15,1211,36.6,-9.6,44.2,"Spain"
"162","ASEP-JDS Gov",2004-05-15,1203,60.7,51.5,86.84,"Spain"
"163","ASEP-JDS Gov",2004-06-15,1206,60.8,46.1,80.53,"Spain"
"164","ASEP-JDS Gov",2004-07-15,1208,61.1,45.8,79.97,"Spain"
"165","ASEP-JDS Gov",2004-09-15,1207,55.7,36.9,74.77,"Spain"
"166","ASEP-JDS Gov",2004-10-15,1206,55.1,31.6,70.1,"Spain"
"167","ASEP-JDS Gov",2004-11-15,1206,60.1,40.9,75.79,"Spain"
"168","ASEP-JDS Gov",2004-12-15,1211,53.5,28.8,68.41,"Spain"
"169","ASEP-JDS Gov",2005-01-15,1204,57.9,36.1,72.65,"Spain"
"170","ASEP-JDS Gov",2005-02-15,1203,57.4,36.5,73.31,"Spain"
"171","ASEP-JDS Gov",2005-03-15,1203,58.3,37.7,73.89,"Spain"
"172","ASEP-JDS Gov",2005-04-15,1212,53.4,30,69.53,"Spain"
"173","ASEP-JDS Gov",2005-05-15,1200,57.1,33.7,70.93,"Spain"
"174","ASEP-JDS Gov",2005-06-15,1222,56.2,29.3,67.63,"Spain"
"175","ASEP-JDS Gov",2005-07-15,1216,55.8,30.2,68.55,"Spain"
"176","ASEP-JDS Gov",2005-09-15,1216,53.7,28.8,68.32,"Spain"
"177","ASEP-JDS Gov",2005-10-15,1203,47.5,17.8,61.53,"Spain"
"178","ASEP-JDS Gov",2005-11-15,1205,53,26.6,66.75,"Spain"
"179","ASEP-JDS Gov",2005-12-15,1207,50,21.2,63.45,"Spain"
"180","ASEP-JDS Gov",2006-01-15,1207,47.7,15.5,59.7,"Spain"
"181","ASEP-JDS Gov",2006-02-15,1208,46.5,13.2,58.27,"Spain"
"182","ASEP-JDS Gov",2006-03-15,1200,45.6,14.8,59.69,"Spain"
"183","ASEP-JDS Gov",2006-04-15,1204,50,22.9,64.85,"Spain"
"184","ASEP-JDS Gov",2006-05-15,1201,50.9,24.3,65.68,"Spain"
"185","ASEP-JDS Gov",2006-06-15,1205,52.9,24.9,65.39,"Spain"
"186","ASEP-JDS Gov",2006-07-15,1213,51.6,23.5,64.74,"Spain"
"187","ASEP-JDS Gov",2006-09-15,1202,45.3,14,59.14,"Spain"
"188","ASEP-JDS Gov",2006-10-15,1200,47.1,12,57.3,"Spain"
"189","ASEP-JDS Gov",2006-11-15,1207,47.3,13,57.97,"Spain"
"190","ASEP-JDS Gov",2006-12-15,1191,45.5,8.8,55.35,"Spain"
"191","ASEP-JDS Gov",2007-01-15,1201,44.9,7.3,54.42,"Spain"
"192","ASEP-JDS Gov",2007-02-15,1208,47.1,9.2,55.41,"Spain"
"193","ASEP-JDS Gov",2007-03-15,1203,47.1,10.1,56,"Spain"
"194","ASEP-JDS Gov",2007-04-15,1212,49.2,18.2,61.35,"Spain"
"195","ASEP-JDS Gov",2007-05-15,1213,49.1,15.7,59.52,"Spain"
"196","ASEP-JDS Gov",2007-06-15,1202,45.7,10.2,56.28,"Spain"
"197","ASEP-JDS Gov",2007-07-15,1200,51.2,19.3,61.61,"Spain"
"198","ASEP-JDS Gov",2007-09-15,1213,46.4,11.6,57.14,"Spain"
"199","ASEP-JDS Gov",2007-10-15,1202,43.8,6,53.68,"Spain"
"200","ASEP-JDS Gov",2007-11-15,1203,52.4,21.6,62.98,"Spain"
"201","ASEP-JDS Gov",2007-12-15,1199,44.3,6.9,54.22,"Spain"
"202","ASEP-JDS Gov",2008-01-15,1203,46.1,10,56.08,"Spain"
"203","ASEP-JDS Gov",2008-02-15,1201,46.8,9.4,55.58,"Spain"
"204","ASEP-JDS Gov",2008-04-15,1204,47,11.2,56.76,"Spain"
"205","ASEP-JDS Gov",2008-05-15,1209,48.2,12,57.11,"Spain"
"206","ASEP-JDS Gov",2008-06-15,1206,36.2,-10.9,43.46,"Spain"
"207","ASEP-JDS Gov",2009-01-15,1213,36.5,-12.9,42.49,"Spain"
"208","ASEP-JDS Gov",2009-02-15,1107,33.2,-17.6,39.52,"Spain"
"209","ASEP-JDS Gov",2009-03-15,1103,32.6,-20.1,38.22,"Spain"
"210","ASEP-JDS Gov",2009-04-15,1103,34.5,-17,40.12,"Spain"
"211","ASEP-JDS Gov",2009-05-15,1101,32,-21.6,37.38,"Spain"
"212","ASEP-JDS Gov",2009-06-15,1100,27.9,-26.8,33.78,"Spain"
"213","ASEP-JDS Gov",2009-07-15,1103,32.3,-20.3,38.04,"Spain"
"214","ASEP-JDS Gov",2009-09-15,1100,27.2,-27.3,33.29,"Spain"
"215","ASEP-JDS Gov",2009-10-15,1101,26.1,-33.1,30.6,"Spain"
"216","ASEP-JDS Gov",2009-11-15,1215,28.5,-27,33.93,"Spain"
"217","ASEP-JDS Gov",2009-12-15,1118,34.5,-17,40.12,"Spain"
"218","ASEP-JDS Gov",2010-10-15,1096,17.1,-52.6,19.7,"Spain"
"219","ASEP-JDS Gov",2011-02-15,1189,16.7,-52.6,19.42,"Spain"
"220","ASEP-JDS Gov",2011-05-15,1108,18.3,-49.5,21.25,"Spain"
"221","ASEP-JDS Gov",2011-06-15,1110,16,-55,18.39,"Spain"
"222","CIMASIGMADOSAPP",2000-12-15,500,51.24,40.07,82.1,"Spain"
"223","CIMASIGMADOSAPP",2001-06-15,500,48,NA,NA,"Spain"
"224","CIMASIGMADOSAPP",2005-05-15,501,58,NA,NA,"Spain"
"225","CIMASIGMADOSAPP",2006-03-15,503,47,NA,NA,"Spain"
"226","CIMASIGMADOSAPP",2007-06-15,873,45,NA,NA,"Spain"
"227","CIMASIGMADOSAPP",2008-05-15,875,52,NA,NA,"Spain"
"228","CIMASIGMADOSDESEMP",2002-05-14,500,33,NA,NA,"Spain"
"229","CIMASIGMADOSDESEMP",2002-12-20,400,32,NA,NA,"Spain"
"230","CIMASIGMADOSDESEMP",2003-01-15,500,49,NA,NA,"Spain"
"231","CIMASIGMADOSDESEMP",2005-04-15,501,44,NA,NA,"Spain"
"232","CIMASIGMADOSDESEMP",2006-03-15,503,36,NA,NA,"Spain"
"233","CIMASIGMADOSDESEMP",2007-06-15,873,37,NA,NA,"Spain"
"234","CIMASIGMADOSDESEMP",2008-05-15,875,38,NA,NA,"Spain"
"235","CIS-ACT",1985-05-15,2484,54,24,64.29,"Spain"
"236","CIS-ACT",1985-10-15,1232,54,24,64.29,"Spain"
"237","CIS-ACT",1985-11-15,12319,57,30,67.86,"Spain"
"238","CIS-ACT",1986-01-15,2493,57,27,65.52,"Spain"
"239","CIS-ACT",1986-02-15,2454,54,25,65.06,"Spain"
"240","CIS-ACT",1986-04-15,25667,56,30,68.29,"Spain"
"241","CIS-ACT",1986-05-15,4958,49,20,62.82,"Spain"
"242","CIS-ACT",1986-06-15,1193,50,19,61.73,"Spain"
"243","CIS-ACT",1986-09-15,2813,59,31,67.82,"Spain"
"244","CIS-ACT",1986-10-15,2484,60,35,70.59,"Spain"
"245","CIS-ACT",1987-02-15,2497,53,19,60.92,"Spain"
"246","CIS-ACT",1987-09-15,2488,56,27,65.88,"Spain"
"247","CIS-ACT",1987-11-15,2489,51,17,60,"Spain"
"248","CIS-ACT",1988-01-15,2497,49,16,59.76,"Spain"
"249","CIS-ACT",1988-03-15,27377,52,22,63.41,"Spain"
"250","CIS-ACT",1988-07-15,2443,53,22,63.1,"Spain"
"251","CIS-ACT",1988-12-15,2498,37,-4,47.44,"Spain"
"252","CIS-ACT",1989-01-15,2497,45,9,55.56,"Spain"
"253","CIS-ACT",1989-05-15,3072,45,7,54.22,"Spain"
"254","CIS-ACT",1989-09-15,2495,48,20,63.16,"Spain"
"255","CIS-ACT",1992-02-15,2490,54,24,64.29,"Spain"
"256","CIS-ACT",1992-04-15,2497,44,6,53.66,"Spain"
"257","CIS-ACT",1992-05-15,2500,41,4,52.56,"Spain"
"258","CIS-ACT",1992-06-15,2495,48,12,57.14,"Spain"
"259","CIS-ACT",1992-09-15,2495,38,-4,47.5,"Spain"
"260","CIS-ACT",1992-10-15,2498,45,4,52.33,"Spain"
"261","CIS-ACT",1992-12-15,2499,42,2,51.22,"Spain"
"262","CIS-ACT",1993-03-15,2500,46,1,50.55,"Spain"
"263","CIS-ACT",1993-09-15,2496,42.1,0.6,50.36,"Spain"
"264","CIS-ACT",1993-10-15,2499,40.2,-6,46.53,"Spain"
"265","CIS-ACT",1993-11-15,2501,34.2,-15.3,40.86,"Spain"
"266","CIS-ACT",1993-12-15,2500,35,-17,40.23,"Spain"
"267","CIS-ACT",1994-01-15,2500,34.5,-15.7,40.73,"Spain"
"268","CIS-ACT",1994-02-15,2499,29.7,-25.4,35.02,"Spain"
"269","CIS-ACT",1994-03-15,2501,34.6,-14.7,41.24,"Spain"
"270","CIS-ACT",1994-04-15,2481,32.6,-20.2,38.17,"Spain"
"271","CIS-ACT",1994-05-15,2489,32,-24.4,36.2,"Spain"
"272","CIS-ACT",1994-07-15,2482,34.4,-20.1,38.7,"Spain"
"273","CIS-ACT",1994-09-15,2479,37.4,-12.6,42.79,"Spain"
"274","CIS-ACT",1994-11-15,2477,40.5,-5.9,46.61,"Spain"
"275","CIS-ACT",1994-12-15,2488,39.5,-8.5,45.14,"Spain"
"276","CIS-ACT",1995-01-15,2490,36.2,-16.7,40.63,"Spain"
"277","CIS-ACT",1995-02-15,2484,36.8,-12.2,42.89,"Spain"
"278","CIS-ACT",1995-03-15,2493,32.1,-22.7,36.94,"Spain"
"279","CIS-ACT",1995-04-15,2495,31.1,-23.3,36.37,"Spain"
"280","CIS-ACT",1995-05-15,2484,37.2,-12.6,42.76,"Spain"
"281","CIS-ACT",1995-06-15,2480,32,-23.5,36.57,"Spain"
"282","CIS-ACT",1995-07-15,2486,33.9,-20.1,38.57,"Spain"
"283","CIS-ACT",1995-09-15,2486,30,-24.8,35.38,"Spain"
"284","CIS-ACT",1995-10-15,2487,31.3,-22.5,36.78,"Spain"
"285","CIS-ACT",1995-11-15,2481,36.1,-15.7,41.07,"Spain"
"286","CIS-ACT",1995-12-15,2474,40,-8.6,45.15,"Spain"
"287","CIS-ACT",1996-01-15,2493,39.1,-10,44.33,"Spain"
"288","CIS-ACT",1996-02-15,4989,45.7,2.2,51.23,"Spain"
"289","CIS-CONF",1996-05-15,2496,39.8,-13.5,42.75,"Spain"
"290","CIS-CONF",1996-06-15,2494,39.7,-11.5,43.67,"Spain"
"291","CIS-CONF",1996-07-15,2496,36.2,-21.6,38.51,"Spain"
"292","CIS-CONF",1996-10-15,2498,29.8,-35.8,31.24,"Spain"
"293","CIS-CONF",1997-01-15,2488,31.3,-30.3,33.69,"Spain"
"294","CIS-CONF",1997-04-15,2496,35.4,-23.9,37.38,"Spain"
"295","CIS-CONF",1997-07-15,2495,42.5,-10.2,44.64,"Spain"
"296","CIS-CONF",1997-10-15,2496,33.5,-28.4,35.12,"Spain"
"297","CIS-CONF",1998-01-15,2495,36.4,-21.2,38.72,"Spain"
"298","CIS-CONF",1998-04-15,2496,35.6,-24.5,37.2,"Spain"
"299","CIS-CONF",1998-07-15,2486,35.4,-22.2,38.06,"Spain"
"300","CIS-CONF",1998-10-15,2490,39.3,-15.4,41.81,"Spain"
"301","CIS-CONF",1999-01-15,2490,40.2,-13.5,42.81,"Spain"
"302","CIS-CONF",1999-04-15,2499,38.4,-16.5,41.16,"Spain"
"303","CIS-CONF",1999-07-15,2490,39.1,-14,42.41,"Spain"
"304","CIS-CONF",2004-04-15,2493,66.83,38.99,70.59,"Spain"
"305","CIS-CONF",2004-07-15,2487,57.14,20.68,61.05,"Spain"
"306","CIS-CONF",2004-10-15,2494,52.09,9.11,54.79,"Spain"
"307","CIS-CONF",2005-01-15,2495,50.78,6.29,53.3,"Spain"
"308","CIS-CONF",2005-04-15,2477,44.36,-7.4,46.15,"Spain"
"309","CIS-CONF",2005-07-15,2425,45.5,-3.2,48.3,"Spain"
"310","CIS-CONF",2005-10-15,2489,38.17,-18.47,40.26,"Spain"
"311","CIS-CONF",2006-01-15,2484,37.4,-20.7,39.16,"Spain"
"312","CIS-CONF",2006-04-15,2481,44.7,-7.3,46.23,"Spain"
"313","CIS-CONF",2006-07-15,2482,40.4,-16.2,41.65,"Spain"
"314","CIS-CONF",2006-10-15,2481,39.3,-17.4,40.94,"Spain"
"315","CIS-CONF",2007-01-15,2472,35.8,-23.9,37.49,"Spain"
"316","CIS-CONF",2007-04-15,2455,37.9,-20.1,39.52,"Spain"
"317","CIS-CONF",2007-07-15,2483,39.7,-17.7,40.89,"Spain"
"318","CIS-CONF",2007-10-15,2493,37.1,-22.2,38.49,"Spain"
"319","CIS-CONF",2008-01-15,18221,40.1,-16.3,41.55,"Spain"
"320","CIS-CONF",2008-04-15,2459,46,-5.1,47.37,"Spain"
"321","CIS-CONF",2008-07-15,2468,34,-29.4,34.91,"Spain"
"322","CIS-CONF",2008-10-15,2481,34.5,-28.1,35.53,"Spain"
"323","CIS-CONF",2009-01-15,2482,32.4,-32.1,33.44,"Spain"
"324","CIS-CONF",2009-04-15,2481,30.8,-35.1,31.85,"Spain"
"325","CIS-CONF",2009-07-15,2482,29.4,-38.4,30.25,"Spain"
"326","CIS-CONF",2009-10-15,2478,25.9,-46.4,26.37,"Spain"
"327","CIS-CONF",2010-01-15,2477,26.3,-44.8,27,"Spain"
"328","CIS-CONF",2010-04-15,2479,22.4,-52.6,23,"Spain"
"329","CIS-CONF",2010-07-15,2472,19.3,-59.6,19.65,"Spain"
"330","CIS-CONF",2010-10-15,2475,17,-64.4,17.28,"Spain"
"331","CIS-CONF",2011-01-15,2478,18,-62.7,18.24,"Spain"
"332","CIS-CONF",2011-04-15,2463,17.1,-63.8,17.45,"Spain"
"333","CIS-CONF",2011-07-15,2475,17.2,-64.3,17.43,"Spain"
"334","CIS-CONF",2011-10-15,17194,13.4,-71.5,13.63,"Spain"
"335","CIS-CONF",2012-01-15,2480,36.2,-23.1,37.91,"Spain"
"336","CIS-CONF",2012-04-15,2484,26.2,-45.4,26.79,"Spain"
"337","CIS-CONF",2012-07-15,2484,19.9,-58,20.35,"Spain"
"338","CIS-CONF",2012-10-15,2484,13.9,-70.6,14.13,"Spain"
"339","CIS-CONF",2013-01-15,2483,16.5,-65.6,16.73,"Spain"
"340","CIS-CONF",2013-04-15,2482,12.4,-73.2,12.65,"Spain"
"341","CIS-CONF",2013-07-15,2476,13.3,-71.7,13.53,"Spain"
"342","CIS-CONF",2013-10-15,2485,10.7,-77.1,10.86,"Spain"
"343","CIS-CONF",2014-01-15,2480,10.8,-77.3,10.92,"Spain"
"344","CIS-CONF",2014-04-15,2469,12.1,-74.3,12.28,"Spain"
"345","CIS-CONF",2014-07-15,2471,13.1,-72.6,13.26,"Spain"
"346","CIS-CONF",2014-10-15,2480,11.7,-74.9,11.9,"Spain"
"347","CIS-CONF",2015-01-15,2481,13,-72.9,13.14,"Spain"
"348","CIS-CONF",2015-04-15,2479,14,-71,14.14,"Spain"
"349","CIS-CONF",2015-07-15,2486,16.3,-66.1,16.51,"Spain"
"350","CIS-CONF",2015-10-15,2493,15.8,-66.7,16.07,"Spain"
"351","CIS-CONF",2017-01-15,2490,21.5,-54.2,22.12,"Spain"
"352","CIS-CONF",2017-04-15,2492,19.3,-59.5,19.67,"Spain"
"353","CIS-LABOR",1984-07-15,2483,30,1,50.85,"Spain"
"354","CIS-LABOR",1984-10-15,2491,22,-11,40,"Spain"
"355","CIS-LABOR",1985-03-15,2493,29,1,50.88,"Spain"
"356","CIS-LABOR",1985-07-15,2479,23,-13,38.98,"Spain"
"357","CIS-LABOR",1986-10-15,2484,33,5,54.1,"Spain"
"358","CIS-LABOR",1987-11-15,2489,28,-9,43.08,"Spain"
"359","CIS-LABOR",1988-01-15,2497,26,-11,41.27,"Spain"
"360","CIS-LABOR",1988-07-15,2443,30,-5,46.15,"Spain"
"361","CIS-LABOR",1989-01-10,2497,22,-23,32.84,"Spain"
"362","CIS-LABOR",1989-01-30,27287,17,-22,30.36,"Spain"
"363","CIS-LABOR",1989-09-15,2471,23,-10,41.07,"Spain"
"364","COPE",2010-01-15,500,16,-33,24.62,"Spain"
"365","COPE",2010-02-15,500,13,-45,18.31,"Spain"
"366","COPE",2010-03-15,500,17,-32,25.76,"Spain"
"367","COPE",2010-04-15,500,15,-36,22.73,"Spain"
"368","COPE",2010-05-12,500,12,-43,17.91,"Spain"
"369","COPE",2010-06-15,500,9.5,-48.9,13.99,"Spain"
"370","COPE",2010-07-15,500,12,-43,17.91,"Spain"
"371","COPE",2010-09-15,1982,22,-46.7,24.26,"Spain"
"372","COPE",2010-10-15,500,9,-51,13.04,"Spain"
"373","COPE",2010-11-15,503,13,-46,18.06,"Spain"
"374","COPE",2010-12-14,500,11,-52,14.86,"Spain"
"375","COPE",2011-01-11,500,9,-50,13.24,"Spain"
"376","COPE",2011-02-08,501,14,-43,19.72,"Spain"
"377","COPE",2011-03-15,500,9,-51,13.04,"Spain"
"378","COPE",2011-04-05,500,13,-47,17.81,"Spain"
"379","COPE",2011-06-07,501,11,-48,15.71,"Spain"
"380","COPE",2011-07-05,504,15,-37,22.39,"Spain"
"381","CSES",2004-03-23,1185,38.4,-11.31,43.58,"Spain"
"382","EES-GOV",1989-06-15,3017,60.24,20.48,60.24,"Spain"
"383","EES-GOV",1999-06-27,1000,70.35,40.7,70.35,"Spain"
"384","EES-GOV",2004-07-15,1208,51.24,40.06,82.09,"Spain"
"385","GALLUP",2003-12-15,NA,54,NA,NA,"Spain"
"386","GALLUP",2005-04-15,NA,45,NA,NA,"Spain"
"387","INSTOPINA",2002-09-15,1000,52,10,55.32,"Spain"
"388","INSTOPINA",2002-10-15,1000,47.3,NA,NA,"Spain"
"389","INSTOPINA",2002-11-15,1000,45.4,0.6,50.33,"Spain"
"390","INSTOPINA",2003-01-15,1000,40.5,-7,46.02,"Spain"
"391","INSTOPINA",2003-03-15,1000,30.8,-32,32.91,"Spain"
"392","INSTOPINA",2003-09-15,1000,48.9,5.7,53.09,"Spain"
"393","INSTOPINA",2003-12-15,1000,41.2,-9.3,44.93,"Spain"
"394","INSTOPINA",2004-03-30,1000,58.4,45,81.34,"Spain"
"395","INSTOPINA",2004-05-13,1000,65.5,49.1,79.98,"Spain"
"396","INSTOPINA",2004-06-21,1000,62.5,38.4,72.17,"Spain"
"397","INSTOPINA",2004-09-19,1000,59.5,32.9,69.11,"Spain"
"398","INSTOPINA",2004-11-18,1000,57.6,25.6,64.29,"Spain"
"399","INSTOPINA",2005-01-19,1000,60.2,31.8,67.95,"Spain"
"400","INSTOPINA",2005-02-02,1000,63,34.8,69.08,"Spain"
"401","INSTOPINA",2005-02-23,1000,58.1,26.8,64.99,"Spain"
"402","INSTOPINA",2005-03-09,1000,58.2,25.9,64.31,"Spain"
"403","INSTOPINA",2005-04-21,1000,54.9,19.6,60.86,"Spain"
"404","INSTOPINA",2005-05-12,1000,55.3,20.1,61.1,"Spain"
"405","INSTOPINA",2005-06-29,1000,55.4,20.1,61.08,"Spain"
"406","INSTOPINA",2005-09-01,1000,59.8,27.5,64.93,"Spain"
"407","INSTOPINA",2005-09-15,1000,53.2,15.7,58.65,"Spain"
"408","INSTOPINA",2005-10-01,1000,50.8,10.5,55.76,"Spain"
"409","INSTOPINA",2005-10-14,1000,50.7,8.5,54.57,"Spain"
"410","INSTOPINA",2005-11-03,1000,47.1,3.4,51.87,"Spain"
"411","INSTOPINA",2005-11-17,1000,47.3,2.7,51.47,"Spain"
"412","INSTOPINA",2005-12-07,1000,50.5,9,54.89,"Spain"
"413","INSTOPINA",2006-01-21,1000,49.9,6.5,53.48,"Spain"
"414","INSTOPINA",2006-02-02,1000,49.9,7.2,53.89,"Spain"
"415","INSTOPINA",2006-02-16,1000,49.8,5.9,53.15,"Spain"
"416","INSTOPINA",2006-03-02,1000,51.1,9.7,55.24,"Spain"
"417","INSTOPINA",2006-03-16,1000,50.3,8.6,54.67,"Spain"
"418","INSTOPINA",2006-03-23,1000,58,23.1,62.43,"Spain"
"419","INSTOPINA",2006-03-30,1000,57.2,22.4,62.17,"Spain"
"420","INSTOPINA",2006-04-20,1000,55.5,18.3,59.87,"Spain"
"421","INSTOPINA",2006-05-05,1000,53.3,12.7,56.76,"Spain"
"422","INSTOPINA",2006-05-19,1000,52.4,11.4,56.1,"Spain"
"423","INSTOPINA",2006-06-23,1000,54.1,16.6,59.06,"Spain"
"424","INSTOPINA",2006-08-31,1000,49.9,8,54.36,"Spain"
"425","INSTOPINA",2006-09-13,1000,51.4,9.5,55.09,"Spain"
"426","INSTOPINA",2006-09-28,1000,51.8,11.1,56,"Spain"
"427","INSTOPINA",2006-11-03,1000,49.1,5.9,53.2,"Spain"
"428","INSTOPINA",2006-11-16,1000,49.8,8.5,54.67,"Spain"
"429","INSTOPINA",2006-11-30,1000,51.9,11.7,56.35,"Spain"
"430","INSTOPINA",2006-12-12,1000,54.4,16.1,58.68,"Spain"
"431","INSTOPINA",2007-01-04,1000,49.7,7.2,53.9,"Spain"
"432","INSTOPINA",2007-01-17,1000,51.6,10.5,55.66,"Spain"
"433","INSTOPINA",2007-02-07,1000,50.7,10,55.47,"Spain"
"434","INSTOPINA",2007-02-23,1000,50.4,7.5,54.02,"Spain"
"435","INSTOPINA",2007-03-07,1000,44.6,-2.7,48.53,"Spain"
"436","INSTOPINA",2007-03-15,1000,49.9,7.2,53.89,"Spain"
"437","INSTOPINA",2007-04-11,1000,52.1,10.7,55.72,"Spain"
"438","INSTOPINA",2007-05-30,1000,48.4,4.4,52.38,"Spain"
"439","INSTOPINA",2007-06-12,1000,51.3,10.6,55.76,"Spain"
"440","INSTOPINA",2007-07-04,1000,54.8,15.2,58.05,"Spain"
"441","INSTOPINA",2007-08-29,1000,48.7,4,52.14,"Spain"
"442","INSTOPINA",2007-09-13,1000,50.9,8.1,54.32,"Spain"
"443","INSTOPINA",2007-09-26,1000,49,5,52.69,"Spain"
"444","INSTOPINA",2007-10-09,1000,49.7,7.7,54.2,"Spain"
"445","INSTOPINA",2007-10-23,1000,48.5,5.3,52.89,"Spain"
"446","INSTOPINA",2007-11-06,1000,51.3,10.3,55.58,"Spain"
"447","INSTOPINA",2007-11-21,1000,51.5,10,55.38,"Spain"
"448","INSTOPINA",2007-12-04,1000,52.3,11.9,56.42,"Spain"
"449","INSTOPINA",2008-01-08,1000,50.2,6,53.18,"Spain"
"450","INSTOPINA",2008-01-23,1000,50.6,7.7,54.12,"Spain"
"451","INSTOPINA",2008-06-12,1000,44.4,0,50,"Spain"
"452","INSTOPINA",2008-06-26,1000,42.3,-6.1,46.64,"Spain"
"453","INSTOPINA",2008-12-15,1000,50,NA,NA,"Spain"
"454","INSTOPINA",2010-08-31,1000,27.8,-41.3,28.69,"Spain"
"455","INSTOPINA",2010-10-08,1000,21.6,-52.4,22.59,"Spain"
"456","INSTOPINA",2010-10-29,1000,27.9,-39.5,29.28,"Spain"
"457","INSTOPINA",2011-01-14,1000,24.4,-47,25.47,"Spain"
"458","INSTOPINA",2011-02-03,1000,25.1,-45.6,26.2,"Spain"
"459","INSTOPINA",2011-04-11,1000,28.2,-38.7,29.65,"Spain"
"460","INSTOPINA",2011-06-27,1000,21.1,-53.9,21.96,"Spain"
"461","IPSOSFAV",2008-05-15,1000,51,7,53.68,"Spain"
"462","IPSOSFAV",2008-07-13,1000,41,-10,44.57,"Spain"
"463","IPSOSPERF",2004-12-03,1000,56,18,59.57,"Spain"
"464","IPSOSPERF",2005-01-15,1000,59,23,62.11,"Spain"
"465","IPSOSPERF",2005-02-05,1000,64,30,65.31,"Spain"
"466","IPSOSPERF",2005-03-15,1000,58,23,62.37,"Spain"
"467","IPSOSPERF",2005-04-15,1000,53,18,60.23,"Spain"
"468","IPSOSPERF",2005-05-15,1000,54,16,58.7,"Spain"
"469","IPSOSPERF",2005-06-15,1000,53,15,58.24,"Spain"
"470","IPSOSPERF",2005-07-15,1000,55,17,59.14,"Spain"
"471","IPSOSPERF",2005-09-15,1000,55,18,59.78,"Spain"
"472","IPSOSPERF",2005-10-15,1000,54,16,58.7,"Spain"
"473","IPSOSPERF",2005-11-13,1000,44,-2,48.89,"Spain"
"474","METROSCOPIAAPP",2009-04-28,505,41,-8,45.5555555555556,"Spain"
"475","METROSCOPIAAPP",2009-06-09,500,43,-6,46.7391304347826,"Spain"
"476","METROSCOPIAAPP",2009-07-09,500,40,-13,43.010752688172,"Spain"
"477","METROSCOPIAAPP",2009-10-01,501,32,-29,34.4086021505376,"Spain"
"478","METROSCOPIAAPP",2009-10-29,501,38,-18,40.4255319148936,"Spain"
"479","METROSCOPIAAPP",2009-12-02,732,36,-20,39.1304347826087,"Spain"
"480","METROSCOPIAAPP",2010-01-07,504,38,-14,42.2222222222222,"Spain"
"481","METROSCOPIAAPP",2010-02-04,500,32,-32,33.3333333333333,"Spain"
"482","METROSCOPIAAPP",2010-03-04,500,31,-31,33.3333333333333,"Spain"
"483","METROSCOPIAAPP",2010-04-08,515,37,-21,38.9473684210526,"Spain"
"484","METROSCOPIAAPP",2010-04-29,512,30,-36,31.25,"Spain"
"485","METROSCOPIAAPP",2010-06-15,NA,19,-57,20,"Spain"
"486","METROSCOPIAAPP",2010-07-01,501,26,-43,27.3684210526316,"Spain"
"487","METROSCOPIAAPP",2010-07-29,500,30,-36,31.25,"Spain"
"488","METROSCOPIAAPP",2010-09-02,500,31,-34,32.2916666666667,"Spain"
"489","METROSCOPIAAPP",2010-09-30,500,22,-53,22.680412371134,"Spain"
"490","METROSCOPIAAPP",2010-11-04,1000,29,-39,29.8969072164948,"Spain"
"491","METROSCOPIAAPP",2010-12-01,1000,27,-42,28.125,"Spain"
"492","METROSCOPIAAPP",2011-01-15,NA,25,-43,26.8817204301075,"Spain"
"493","METROSCOPIAAPP",2011-02-03,1005,25,-44,26.5957446808511,"Spain"
"494","METROSCOPIAAPP",2011-03-03,1004,21,-51,22.5806451612903,"Spain"
"495","METROSCOPIAAPP",2011-03-31,1004,27,-40,28.7234042553192,"Spain"
"496","METROSCOPIAAPP",2011-04-28,1200,28,-39,29.4736842105263,"Spain"
"497","METROSCOPIAAPP",2011-06-02,1001,24,-47,25.2631578947368,"Spain"
"498","METROSCOPIAAPP",2011-07-28,1203,26,-42,27.6595744680851,"Spain"
"499","METROSCOPIAAPP",2011-08-15,NA,24,-47,25.2631578947368,"Spain"
"500","METROSCOPIAAPP",2012-02-09,1003,40,0,50,"Spain"
"501","METROSCOPIAAPP",2012-03-01,1007,35,-16,40.6976744186046,"Spain"
"502","METROSCOPIAAPP",2012-04-12,1000,32,-26,35.5555555555556,"Spain"
"503","METROSCOPIAAPP",2012-05-10,1001,32,-29,34.4086021505376,"Spain"
"504","METROSCOPIAAPP",2012-06-07,1004,31,-32,32.9787234042553,"Spain"
"505","METROSCOPIAAPP",2012-07-05,1000,30,-35,31.5789473684211,"Spain"
"506","METROSCOPIAAPP",2012-07-26,1000,25,-44,26.5957446808511,"Spain"
"507","METROSCOPIAAPP",2012-09-06,1000,21,-52,22.3404255319149,"Spain"
"508","METROSCOPIAAPP",2012-10-04,1000,23,-48,24.468085106383,"Spain"
"509","METROSCOPIAAPP",2012-11-07,1000,25,-45,26.3157894736842,"Spain"
"510","METROSCOPIAAPP",2012-12-29,1000,25,-46,26.0416666666667,"Spain"
"511","METROSCOPIAAPP",2013-01-10,1000,21,-53,22.1052631578947,"Spain"
"512","METROSCOPIAAPP",2013-02-01,1000,19,-58,19.7916666666667,"Spain"
"513","METROSCOPIAAPP",2013-03-15,NA,22,-51,23.1578947368421,"Spain"
"514","METROSCOPIAAPP",2013-04-15,NA,19,-57,20,"Spain"
"515","METROSCOPIAAPP",2013-05-15,NA,19,-58,19.7916666666667,"Spain"
"516","METROSCOPIAAPP",2013-06-15,NA,20,-56,20.8333333333333,"Spain"
"517","METROSCOPIAAPP",2013-07-04,NA,19,-58,19.7916666666667,"Spain"
"518","METROSCOPIAAPP",2013-10-03,1000,21,-54,21.875,"Spain"
"519","METROSCOPIAAPP",2014-02-06,1200,21,-57,21.2121212121212,"Spain"
"520","METROSCOPIAAPP",2014-03-04,1200,22,-54,22.4489795918367,"Spain"
"521","METROSCOPIAAPP",2014-10-29,1000,18,-63,18.1818181818182,"Spain"
"522","METROSCOPIAAPP",2014-12-03,1000,19,-60,19.3877551020408,"Spain"
"523","METROSCOPIAAPP",2015-01-08,1000,23,-50,23.9583333333333,"Spain"
"524","METROSCOPIAAPP",2015-02-04,1000,23,-50,23.9583333333333,"Spain"
"525","METROSCOPIAAPP",2015-03-04,1000,24,-50,24.4897959183673,"Spain"
"526","METROSCOPIAAPP",2015-04-09,1000,25,-48,25.5102040816327,"Spain"
"527","METROSCOPIAAPP",2015-06-02,2000,23,-52,23.469387755102,"Spain"
"528","METROSCOPIAAPP",2016-01-14,1202,35,-11,43.2098765432099,"Spain"
"529","METROSCOPIAAPP",2016-02-04,1004,30,-39,30.3030303030303,"Spain"
"530","METROSCOPIAAPP",2016-03-09,1202,28,-44,28,"Spain"
"531","METROSCOPIAAPP",2016-03-30,1201,25,-49,25.2525252525253,"Spain"
"532","METROSCOPIAAPP",2016-05-28,1201,25,-50,25,"Spain"
"533","METROSCOPIAAPP",2016-06-01,1202,28,-43,28.2828282828283,"Spain"
"534","METROSCOPIAAPP",2016-07-06,1079,34,-32,34,"Spain"
"535","METROSCOPIAAPP",2016-07-27,1728,33,-34,33,"Spain"
"536","METROSCOPIAAPP",2016-09-08,1294,29,-41,29.2929292929293,"Spain"
"537","METROSCOPIAAPP",2016-10-13,1388,31,-37,31.3131313131313,"Spain"
"538","METROSCOPIAAPP",2016-11-10,2200,38,-20,39.5833333333333,"Spain"
"539","METROSCOPIAAPP",2016-11-30,1450,32,-35,32.3232323232323,"Spain"
"540","METROSCOPIAAPP",2017-01-12,2216,30,-39,30.3030303030303,"Spain"
"541","METROSCOPIAAPP",2017-07-01,1768,28,-43,28.2828282828283,"Spain"
"542","METROSCOPIAAPP",2017-07-28,1017,27,-45,27.2727272727273,"Spain"
"543","METROSCOPIAAPP",2017-11-15,NA,39,-22,39,"Spain"
"544","METROSCOPIAAPP",2018-01-11,1332,27,-46,27,"Spain"
"545","METROSCOPIAAPP",2018-06-15,NA,43,NA,NA,"Spain"
"546","METROSCOPIAAPP",2018-09-15,NA,44,NA,NA,"Spain"
"547","METROSCOPIAAPP",2018-10-15,NA,42,NA,NA,"Spain"
"548","METROSCOPIAAPP",2018-12-15,NA,37,NA,NA,"Spain"
"549","METROSCOPIAAPP",2019-01-15,NA,38,NA,NA,"Spain"
"550","METROSCOPIAAPP",2019-02-13,1995,37,-24,37.7551020408163,"Spain"
"551","METROSCOPIAAPP",2019-03-25,2722,41,-16,41.8367346938776,"Spain"
"552","METROSCOPIACONF",2012-02-09,1003,32,-34,32.6530612244898,"Spain"
"553","METROSCOPIACONF",2012-03-01,1007,29,-39,29.8969072164948,"Spain"
"554","METROSCOPIACONF",2012-04-12,1000,27,-43,27.8350515463918,"Spain"
"555","METROSCOPIACONF",2012-05-10,1001,26,-47,26.2626262626263,"Spain"
"556","METROSCOPIACONF",2012-06-07,1004,20,-58,20.4081632653061,"Spain"
"557","METROSCOPIACONF",2012-07-05,1000,20,-58,20.4081632653061,"Spain"
"558","METROSCOPIACONF",2012-07-26,1000,19,-61,19.1919191919192,"Spain"
"559","METROSCOPIACONF",2012-09-06,1000,15,-69,15.1515151515152,"Spain"
"560","METROSCOPIACONF",2012-10-04,1000,15,-69,15.1515151515152,"Spain"
"561","METROSCOPIACONF",2012-11-07,1000,15,-69,15.1515151515152,"Spain"
"562","METROSCOPIACONF",2012-12-29,1000,15,-70,15,"Spain"
"563","METROSCOPIACONF",2013-01-10,1000,16,-68,16,"Spain"
"564","METROSCOPIACONF",2013-02-01,1000,14,-71,14.1414141414141,"Spain"
"565","METROSCOPIACONF",2013-03-15,NA,17,-66,17,"Spain"
"566","METROSCOPIACONF",2013-04-15,NA,14,-71,14.1414141414141,"Spain"
"567","METROSCOPIACONF",2013-05-15,NA,12,-75,12.1212121212121,"Spain"
"568","METROSCOPIACONF",2013-06-15,NA,15,-69,15.1515151515152,"Spain"
"569","METROSCOPIACONF",2013-07-04,1000,13,-73,13.1313131313131,"Spain"
"570","PUBLICOAPP",2009-05-15,NA,53.3,6.5,53.2467532467532,"Spain"
"571","PUBLICOAPP",2009-06-24,NA,51.8,3.59999999999999,51.8,"Spain"
"572","PUBLICOAPP",2009-10-15,NA,35.3,-17,40.3,"Spain"
"573","PUBLICOAPP",2009-11-04,3200,30.9,-28.5,34.22,"Spain"
"574","PUBLICOAPP",2010-01-15,NA,30.8,-25.7,35.28,"Spain"
"575","PUBLICOAPP",2010-05-19,4002,27.9,-33.9,31.1,"Spain"
"576","PUBLICOAPP",2010-06-09,3205,24.2,-41.1,27.04,"Spain"
"577","PUBLICOAPP",2010-09-07,2329,22.3,-47,24.34,"Spain"
"578","PUBLICOAPP",2010-11-11,2402,24.5,-40.7,27.31,"Spain"
"579","PUBLICOAPP",2011-01-15,NA,22,-46.7,24.26,"Spain"
"580","PUBLICOAPP",2011-02-25,1982,26,-38.7,28.67,"Spain"
"581","PUBLICOAPP",2011-03-24,1201,26.1,-37.7,29.03,"Spain"
"582","PUBLICOCONF",2009-04-15,NA,32.6,-33.1,33.16,"Spain"
"583","PUBLICOCONF",2009-10-15,NA,25,-48.1,25.48,"Spain"
"584","PUBLICOCONF",2010-01-15,NA,20.1,-56.9,20.7,"Spain"
"585","PUBLICOCONF",2010-01-15,NA,14.4,-70.5,14.5,"Spain"
"586","PUBLICOCONF",2010-05-19,4002,18.8,-60.9,19.09,"Spain"
"587","PUBLICOCONF",2010-06-09,3205,17,-64.4,17.28,"Spain"
"588","PUBLICOCONF",2010-09-07,2329,14.8,-69.3,14.96,"Spain"
"589","PUBLICOCONF",2010-11-11,2402,14.8,-68.3,15.12,"Spain"
"590","PUBLICOCONF",2011-02-25,1982,15.8,-66.9,16.04,"Spain"
"591","PUBLICOCONF",2011-03-24,1201,14.9,-68.5,15.16,"Spain"
"592","PUBLICOCONF",2011-04-19,2005,19.4,-60.6,19.52,"Spain"
"593","SIMPLELOGICA",2008-02-04,2031,45.5,3.9,52.2388059701493,"Spain"
"594","SIMPLELOGICA",2008-10-07,1006,38.9,-10,44.3052391799544,"Spain"
"595","SIMPLELOGICA",2009-02-23,1012,44.8,-1.90000000000001,48.9617486338798,"Spain"
"596","SIMPLELOGICA",2009-10-21,1025,35.6,-23.4,37.6321353065539,"Spain"
"597","SIMPLELOGICA",2010-02-11,1007,31,-35.2,31.8930041152263,"Spain"
"598","SIMPLELOGICA",2010-05-15,NA,33.2,NA,NA,"Spain"
"599","SIMPLELOGICA",2011-05-15,NA,21.5,NA,NA,"Spain"
"600","SIMPLELOGICA",2011-06-15,NA,22.6,NA,NA,"Spain"
"601","SIMPLELOGICA",2011-07-15,NA,20.2,NA,NA,"Spain"
"602","SIMPLELOGICA",2011-08-15,NA,16.1,NA,NA,"Spain"
"603","SIMPLELOGICA",2011-09-15,NA,18,NA,NA,"Spain"
"604","SIMPLELOGICA",2011-10-15,NA,18.5,NA,NA,"Spain"
"605","SIMPLELOGICA",2011-11-10,1009,19.3,-52.5,21.185510428101,"Spain"
"606","SIMPLELOGICA",2012-04-15,NA,39.9,NA,NA,"Spain"
"607","SIMPLELOGICA",2012-05-11,1015,32.9,-27.7,35.1871657754011,"Spain"
"608","SIMPLELOGICA",2012-06-15,NA,32.2,NA,NA,"Spain"
"609","SIMPLELOGICA",2012-07-15,NA,28.9,NA,NA,"Spain"
"610","SIMPLELOGICA",2012-08-15,NA,26.7,NA,NA,"Spain"
"611","SIMPLELOGICA",2012-09-13,1776,25.3,-44.7,26.5477439664218,"Spain"
"612","SIMPLELOGICA",2012-10-15,NA,22.1,NA,NA,"Spain"
"613","SIMPLELOGICA",2012-11-15,NA,25.7,NA,NA,"Spain"
"614","SIMPLELOGICA",2012-12-15,NA,19.6,NA,NA,"Spain"
"615","SIMPLELOGICA",2013-01-15,NA,22.6,NA,NA,"Spain"
"616","SIMPLELOGICA",2013-02-15,NA,19.6,NA,NA,"Spain"
"617","SIMPLELOGICA",2013-03-08,1017,18.2,-56.4,19.6120689655172,"Spain"
"618","SIMPLELOGICA",2013-04-15,NA,19.1,NA,NA,"Spain"
"619","SIMPLELOGICA",2013-05-15,NA,16.7,NA,NA,"Spain"
"620","SIMPLELOGICA",2013-06-15,NA,19.7,NA,NA,"Spain"
"621","SIMPLELOGICA",2013-07-15,NA,18.1,NA,NA,"Spain"
"622","SIMPLELOGICA",2013-08-15,NA,20.2,NA,NA,"Spain"
"623","SIMPLELOGICA",2013-09-15,NA,21.6,NA,NA,"Spain"
"624","SIMPLELOGICA",2013-10-07,1001,19.2,-56.2,20.2959830866808,"Spain"
"625","SIMPLELOGICA",2013-11-15,NA,17.9,NA,NA,"Spain"
"626","SIMPLELOGICA",2013-12-15,NA,20,NA,NA,"Spain"
"627","SIMPLELOGICA",2014-01-15,NA,18.6,NA,NA,"Spain"
"628","SIMPLELOGICA",2014-02-15,NA,21.6,NA,NA,"Spain"
"629","SIMPLELOGICA",2014-03-07,1068,21.5,-53.1,22.372528616025,"Spain"
"630","SIMPLELOGICA",2014-11-15,NA,16.5,NA,NA,"Spain"
"631","SIMPLELOGICA",2014-12-15,NA,18.3,NA,NA,"Spain"
"632","SIMPLELOGICA",2015-01-14,1025,22,-52.8,22.7272727272727,"Spain"
"633","SIMPLELOGICA",2015-02-09,1058,21.7,-52.9,22.533748701973,"Spain"
"634","SIMPLELOGICA",2015-03-13,1058,22.2,-53.3,22.7226202661208,"Spain"
"635","SIMPLELOGICA",2015-04-13,1059,19.9,-54.9,21.0137275607181,"Spain"
"636","SIMPLELOGICA",2015-07-09,1040,20.7,-53.8,21.7436974789916,"Spain"
"637","SIMPLELOGICA",2015-08-11,1022,25.5,-43.4,27.0127118644068,"Spain"
"638","SIMPLELOGICA",2015-10-09,1047,23.9,-47,25.210970464135,"Spain"
"639","SIMPLELOGICA",2015-11-16,1746,27.3,-41.6,28.3783783783784,"Spain"
"640","SIMPLELOGICA",2015-12-11,1005,29.2,-38,30.2904564315353,"Spain"
"641","SIMPLELOGICA",2016-01-12,1050,30.3,-35.2,31.6283924843424,"Spain"
"642","SIMPLELOGICA",2016-02-05,1048,27.3,-42.3,28.1733746130031,"Spain"
"643","SIMPLELOGICA",2016-03-09,1206,25.4,-46.5,26.1048304213772,"Spain"
"644","SIMPLELOGICA",2016-04-12,1047,22.6,-51.3,23.419689119171,"Spain"
"645","SIMPLELOGICA",2016-05-10,1035,23,-47.3,24.6516613076099,"Spain"
"646","SIMPLELOGICA",2016-06-15,1226,26.2,-40,28.3549783549784,"Spain"
"647","SIMPLELOGICA",2016-07-15,1033,27.3,-40,28.8583509513742,"Spain"
"648","SIMPLELOGICA",2016-08-10,1049,28.7,-37,30.4025423728814,"Spain"
"649","SIMPLELOGICA",2016-09-14,1046,25,-46.7,25.8531540847983,"Spain"
"650","SIMPLELOGICA",2016-10-11,1002,21.9,-52.2,22.8125,"Spain"
"651","SIMPLELOGICA",2016-11-08,1003,30.3,-36.8,31.1088295687885,"Spain"
"652","SIMPLELOGICA",2016-12-07,1000,25.8,-42.7,27.3594909862142,"Spain"
"653","SIMPLELOGICA",2017-02-10,1005,28.1,-40.5,29.0589451913133,"Spain"
"654","SIMPLELOGICA",2017-03-09,1006,26.8,-41.9,28.0628272251309,"Spain"
"655","SIMPLELOGICA",2017-04-10,1008,26.2,-43.1,27.434554973822,"Spain"
"656","SIMPLELOGICA",2017-05-12,1002,27.1,-42.4,28.0538302277433,"Spain"
"657","SIMPLELOGICA",2017-06-09,1004,28.5,-38.6,29.8117154811716,"Spain"
"658","SIMPLELOGICA",2017-07-10,1003,25.3,-42.8,27.0877944325482,"Spain"
"659","SIMPLELOGICA",2017-09-14,1078,28,-38.2,29.723991507431,"Spain"
"660","SIMPLELOGICA",2017-10-10,1053,24.6,-44.2,26.338329764454,"Spain"
"661","SIMPLELOGICA",2017-11-08,1071,32.9,-30.3,34.2351716961498,"Spain"
"662","SIMPLELOGICA",2017-12-13,1077,31,-33.1,32.5972660357518,"Spain"
"663","SIMPLELOGICA",2018-01-08,1079,26.8,-40.3,28.5410010649627,"Spain"
"664","SIMPLELOGICA",2018-02-07,1065,24.5,-43.2,26.5726681127983,"Spain"
"665","SIMPLELOGICA",2018-03-07,1076,24.2,-47.7,25.1821019771072,"Spain"
"666","SIMPLELOGICA",2018-04-09,1062,21.3,-49.4,23.1521739130435,"Spain"
"667","SIMPLELOGICA",2018-05-10,1067,21.6,-50.8,22.9787234042553,"Spain"
"668","SIMPLELOGICA",2018-06-08,1030,36.1,-14.4,41.6859122401848,"Spain"
"669","SIMPLELOGICA",2018-08-03,1029,32.9,-18.3,39.1200951248514,"Spain"
"670","SIMPLELOGICA",2018-09-07,1010,31.2,-29.6,33.9130434782609,"Spain"
"671","SIMPLELOGICA",2018-10-05,1055,29.7,-30.1,33.1843575418994,"Spain"
"672","SIMPLELOGICA",2018-11-14,1019,31.1,-27.7,34.5939933259177,"Spain"
"673","SIMPLELOGICA",2018-12-14,1204,27.2,-34.4,30.6306306306306,"Spain"
"674","SIMPLELOGICA",2019-01-09,1042,30.2,-31.9,32.7193932827736,"Spain"
"675","SIMPLELOGICA",2019-02-08,1017,34.8,-23.1,37.5404530744337,"Spain"
"676","SIMPLELOGICA",2019-03-14,1092,36.3,-18.4,39.8901098901099,"Spain"
"677","SIMPLELOGICA",2019-04-05,1054,36.5,-18.3,39.9780941949617,"Spain"
"678","SOCIOMETRICA",2016-10-15,NA,30.2,NA,NA,"Spain"
"679","SOCIOMETRICA",2016-10-16,NA,30.2,NA,NA,"Spain"
"680","SOCIOMETRICA",2016-11-15,NA,28.4,NA,NA,"Spain"
"681","SOCIOMETRICA",2016-12-15,NA,26.5,NA,NA,"Spain"
"682","SOCIOMETRICA",2016-12-29,800,26.8,-33.1,30.9111880046136,"Spain"
"683","SOCIOMETRICA",2017-01-15,NA,26.2,NA,NA,"Spain"
"684","SOCIOMETRICA",2017-03-17,800,27.7,-35.6,30.4395604395604,"Spain"
"685","SOCIOMETRICA",2017-04-12,800,32.1,-29.2,34.3683083511777,"Spain"
"686","SOCIOMETRICA",2017-06-16,800,29.4,-34.9,31.3767342582711,"Spain"
"687","SOCIOMETRICA",2017-11-03,800,38.8,NA,NA,"Spain"
"688","SOCIOMETRICA",2018-01-15,NA,34.6,NA,NA,"Spain"
"689","SOCIOMETRICA",2018-05-18,NA,25.5,NA,NA,"Spain"
"690","SOCIOMETRICA",2018-08-30,1200,43.8,-1.7,49.0481522956327,"Spain"
"691","SOCIOMETRICA",2018-12-31,1800,42.2,-6.8,46.2719298245614,"Spain"
